asset_tag,asset_code,description,criticality,installed_on,running_hours,line,last_pm_on
VPW-CNC-MILL-01,CNC-MILL,Vertical CNC Machining Centre,B,2023-10-08,50717,LINE-2,2026-05-25
VPW-CNC-MILL-02,CNC-MILL,Vertical CNC Machining Centre,C,2023-02-21,37548,LINE-1,2026-04-13
VPW-CNC-MILL-03,CNC-MILL,Vertical CNC Machining Centre,B,2022-11-12,24852,LINE-3,2026-05-15
VPW-CNC-MILL-04,CNC-MILL,Vertical CNC Machining Centre,A,2018-08-31,10877,LINE-2,2026-04-02
VPW-CNC-MILL-05,CNC-MILL,Vertical CNC Machining Centre,C,2018-10-07,53408,LINE-1,2026-05-05
VPW-HYD-PRESS-01,HYD-PRESS,400-Tonne Hydraulic Press,B,2022-06-07,11573,LINE-3,2026-07-31
VPW-HYD-PRESS-02,HYD-PRESS,400-Tonne Hydraulic Press,A,2015-11-03,32944,LINE-1,2026-07-03
VPW-HYD-PRESS-03,HYD-PRESS,400-Tonne Hydraulic Press,B,2019-03-09,7054,LINE-1,2026-06-29
VPW-CONV-BELT-01,CONV-BELT,Main Line Belt Conveyor,C,2023-07-05,1329,LINE-4,2026-03-12
VPW-CONV-BELT-02,CONV-BELT,Main Line Belt Conveyor,A,2018-06-22,8049,LINE-3,2026-02-11
VPW-CONV-BELT-03,CONV-BELT,Main Line Belt Conveyor,B,2024-12-01,41014,LINE-1,2026-04-25
VPW-AIR-COMP-01,AIR-COMP,Rotary Screw Air Compressor,A,2021-07-10,49928,LINE-2,2026-05-18
VPW-AIR-COMP-02,AIR-COMP,Rotary Screw Air Compressor,B,2025-01-06,26649,LINE-2,2026-07-17
VPW-IND-OVEN-01,IND-OVEN,Continuous Curing Oven,B,2022-03-21,34647,LINE-3,2026-04-15
VPW-IND-OVEN-02,IND-OVEN,Continuous Curing Oven,C,2017-05-02,47361,LINE-4,2026-07-24
VPW-IND-OVEN-03,IND-OVEN,Continuous Curing Oven,B,2018-05-22,66172,LINE-4,2026-03-09
VPW-IND-OVEN-04,IND-OVEN,Continuous Curing Oven,A,2018-08-01,29739,LINE-3,2026-04-07
VPW-PUMP-CENT-01,PUMP-CENT,Centrifugal Process Pump,A,2025-01-19,49667,LINE-1,2026-05-25
VPW-PUMP-CENT-02,PUMP-CENT,Centrifugal Process Pump,B,2023-09-24,63153,LINE-4,2026-06-16
VPW-PUMP-CENT-03,PUMP-CENT,Centrifugal Process Pump,A,2018-09-07,47107,LINE-1,2026-03-21
VPW-ROBOT-WELD-01,ROBOT-WELD,Six-Axis Welding Robot,B,2017-12-03,56762,LINE-4,2026-04-12
VPW-ROBOT-WELD-02,ROBOT-WELD,Six-Axis Welding Robot,C,2023-05-21,10635,LINE-2,2026-03-07
VPW-ROBOT-WELD-03,ROBOT-WELD,Six-Axis Welding Robot,C,2014-08-11,52272,LINE-4,2026-05-01
VPW-ROBOT-WELD-04,ROBOT-WELD,Six-Axis Welding Robot,C,2017-08-29,14207,LINE-4,2026-03-07
VPW-CHILLER-01,CHILLER,Water-Cooled Process Chiller,B,2023-12-24,45799,LINE-4,2026-05-17
VPW-CHILLER-02,CHILLER,Water-Cooled Process Chiller,B,2018-03-06,40340,LINE-4,2026-04-07
VPW-CHILLER-03,CHILLER,Water-Cooled Process Chiller,B,2014-09-19,7601,LINE-4,2026-02-14
VPW-CHILLER-04,CHILLER,Water-Cooled Process Chiller,A,2022-07-13,21053,LINE-4,2026-06-09
