part_number,description,asset_code,on_hand,reorder_point,unit_cost_inr,lead_time_days,supplier_tier,criticality
VPW-P-00000,Show coupling,ROBOT-WELD,3,11,1200,45,T2,B
VPW-P-00001,Road seal,AIR-COMP,27,13,1200,10,T2,C
VPW-P-00002,Deep seal,HYD-PRESS,23,4,3800,21,T3,C
VPW-P-00003,Sell bearing,AIR-COMP,15,2,3800,45,T3,B
VPW-P-00004,Forget valve,IND-OVEN,28,9,24000,90,T2,A
VPW-P-00005,Inside seal,HYD-PRESS,4,2,78000,45,T2,B
VPW-P-00006,Remain seal,CNC-MILL,27,9,9500,10,T1,B
VPW-P-00007,Rate filter,PUMP-CENT,1,8,1200,2,T2,B
VPW-P-00008,Hour filter,CNC-MILL,10,10,9500,5,T1,A
VPW-P-00009,Left sensor,HYD-PRESS,27,14,78000,2,T1,B
VPW-P-00010,We bearing,CHILLER,27,7,78000,21,T2,A
VPW-P-00011,Nation sensor,PUMP-CENT,19,4,78000,2,T2,A
VPW-P-00012,Live valve,CHILLER,37,3,1200,90,T3,C
VPW-P-00013,Camera bearing,HYD-PRESS,20,9,1200,21,T2,C
VPW-P-00014,End sensor,CHILLER,40,4,24000,21,T1,C
VPW-P-00015,Down coupling,CHILLER,26,13,1200,2,T3,B
VPW-P-00016,Attack contactor,CONV-BELT,15,6,78000,45,T3,B
VPW-P-00017,Ground belt,ROBOT-WELD,4,14,24000,45,T1,A
VPW-P-00018,Against coupling,ROBOT-WELD,25,13,78000,5,T1,A
VPW-P-00019,Per contactor,AIR-COMP,25,5,210000,21,T2,B
VPW-P-00020,Once bearing,PUMP-CENT,37,7,78000,10,T3,C
VPW-P-00021,Drug valve,CNC-MILL,27,14,3800,10,T3,B
VPW-P-00022,Per filter,CHILLER,19,2,450,2,T2,A
VPW-P-00023,Discussion filter,PUMP-CENT,31,14,9500,21,T1,C
VPW-P-00024,Account bearing,HYD-PRESS,8,13,1200,5,T1,A
VPW-P-00025,Avoid seal,CONV-BELT,29,8,3800,21,T2,C
VPW-P-00026,Second seal,PUMP-CENT,30,12,78000,45,T1,A
VPW-P-00027,Program sensor,CHILLER,9,2,24000,5,T3,C
VPW-P-00028,Artist sensor,CONV-BELT,18,9,9500,21,T2,B
VPW-P-00029,Drop seal,CONV-BELT,19,13,1200,10,T3,A
VPW-P-00030,Author seal,PUMP-CENT,7,9,9500,45,T1,A
VPW-P-00031,Western bearing,PUMP-CENT,28,9,3800,45,T2,B
VPW-P-00032,Almost seal,HYD-PRESS,19,6,24000,45,T3,A
VPW-P-00033,Trade valve,PUMP-CENT,26,6,450,21,T2,C
VPW-P-00034,Give valve,AIR-COMP,17,12,9500,21,T2,B
VPW-P-00035,Avoid belt,CONV-BELT,35,13,1200,90,T3,A
VPW-P-00036,My belt,AIR-COMP,21,15,24000,90,T3,B
VPW-P-00037,Economy belt,HYD-PRESS,37,5,3800,21,T2,C
VPW-P-00038,Family belt,IND-OVEN,38,11,210000,21,T2,C
VPW-P-00039,Relationship belt,IND-OVEN,28,15,1200,2,T2,C
VPW-P-00040,Mention contactor,CONV-BELT,0,6,78000,2,T2,A
VPW-P-00041,Difficult seal,CHILLER,14,6,9500,5,T1,A
VPW-P-00042,Notice contactor,HYD-PRESS,4,13,3800,90,T2,A
VPW-P-00043,Cause valve,CHILLER,10,13,9500,2,T3,A
VPW-P-00044,Several sensor,CONV-BELT,16,13,450,45,T1,C
VPW-P-00045,Worry contactor,PUMP-CENT,9,7,3800,21,T1,A
VPW-P-00046,Us valve,PUMP-CENT,16,7,9500,5,T3,A
VPW-P-00047,Own seal,CONV-BELT,7,2,24000,21,T3,C
VPW-P-00048,Part contactor,IND-OVEN,19,2,210000,45,T1,A
VPW-P-00049,Material seal,CHILLER,37,15,210000,10,T3,B
VPW-P-00050,Eight contactor,AIR-COMP,27,6,78000,90,T2,B
VPW-P-00051,Still sensor,CNC-MILL,5,6,210000,2,T2,B
VPW-P-00052,Material contactor,IND-OVEN,26,6,78000,45,T2,C
VPW-P-00053,Surface valve,CONV-BELT,10,3,3800,21,T2,C
VPW-P-00054,Investment bearing,CNC-MILL,0,15,450,45,T2,A
VPW-P-00055,Customer belt,HYD-PRESS,10,13,9500,2,T1,A
VPW-P-00056,Between seal,CHILLER,11,3,210000,21,T1,C
VPW-P-00057,Bill sensor,CONV-BELT,5,3,78000,90,T1,C
VPW-P-00058,Reason seal,IND-OVEN,26,11,78000,21,T3,C
VPW-P-00059,Lawyer coupling,ROBOT-WELD,22,13,78000,21,T3,B
VPW-P-00060,Health filter,ROBOT-WELD,25,9,1200,2,T1,A
VPW-P-00061,Land contactor,CONV-BELT,31,10,3800,45,T1,C
VPW-P-00062,Item belt,CONV-BELT,9,3,78000,2,T1,C
VPW-P-00063,Manage seal,CONV-BELT,18,4,9500,10,T1,A
VPW-P-00064,Treat contactor,HYD-PRESS,18,4,78000,21,T1,C
VPW-P-00065,Shoulder contactor,CONV-BELT,22,4,24000,5,T3,C
VPW-P-00066,Arm seal,CONV-BELT,15,13,210000,45,T2,C
VPW-P-00067,Report coupling,CNC-MILL,19,13,9500,21,T2,C
VPW-P-00068,Ready sensor,CHILLER,0,9,1200,45,T3,A
VPW-P-00069,Race valve,IND-OVEN,24,8,78000,21,T1,A
VPW-P-00070,Billion contactor,HYD-PRESS,19,13,450,10,T3,B
VPW-P-00071,Ask contactor,CONV-BELT,19,14,9500,10,T1,B
VPW-P-00072,Interesting filter,CHILLER,15,8,24000,90,T1,C
VPW-P-00073,Should bearing,IND-OVEN,27,5,3800,21,T3,C
VPW-P-00074,Group sensor,ROBOT-WELD,1,3,210000,2,T3,C
VPW-P-00075,Such contactor,AIR-COMP,38,12,78000,45,T1,C
VPW-P-00076,Training filter,CNC-MILL,23,10,1200,90,T2,C
VPW-P-00077,Boy seal,CONV-BELT,39,14,3800,45,T3,C
VPW-P-00078,Energy belt,ROBOT-WELD,13,2,450,10,T1,C
VPW-P-00079,Dark sensor,CNC-MILL,12,5,24000,90,T1,C
VPW-P-00080,Customer bearing,HYD-PRESS,14,14,210000,2,T1,B
VPW-P-00081,Not contactor,CNC-MILL,25,2,210000,45,T2,A
VPW-P-00082,List contactor,CHILLER,30,8,210000,21,T3,C
VPW-P-00083,Challenge seal,CNC-MILL,34,15,24000,10,T2,C
VPW-P-00084,Knowledge belt,CHILLER,37,3,24000,10,T1,C
VPW-P-00085,Cover contactor,IND-OVEN,22,5,450,21,T3,B
VPW-P-00086,Family bearing,PUMP-CENT,0,2,3800,21,T1,B
VPW-P-00087,Maintain valve,CHILLER,18,2,210000,5,T1,A
VPW-P-00088,Enjoy coupling,IND-OVEN,22,4,9500,10,T2,C
VPW-P-00089,Two contactor,ROBOT-WELD,30,4,450,5,T2,B
VPW-P-00090,Wind filter,IND-OVEN,0,13,450,90,T2,B
VPW-P-00091,Bag bearing,HYD-PRESS,6,14,24000,90,T2,B
VPW-P-00092,Level sensor,CHILLER,13,15,450,90,T2,A
VPW-P-00093,System bearing,CHILLER,2,2,9500,10,T1,A
VPW-P-00094,Training valve,CONV-BELT,15,12,3800,21,T3,B
VPW-P-00095,Total belt,CONV-BELT,24,11,3800,45,T3,A
VPW-P-00096,Oil valve,IND-OVEN,10,10,450,5,T1,B
VPW-P-00097,Billion filter,CNC-MILL,8,5,450,21,T1,B
VPW-P-00098,Apply coupling,CONV-BELT,15,4,210000,45,T2,C
VPW-P-00099,Reach filter,HYD-PRESS,10,5,24000,90,T1,B
VPW-P-00100,Now bearing,IND-OVEN,29,12,1200,45,T2,A
VPW-P-00101,Think filter,ROBOT-WELD,27,7,3800,2,T1,A
VPW-P-00102,Administration belt,IND-OVEN,30,13,24000,90,T2,C
VPW-P-00103,Better contactor,CONV-BELT,11,6,1200,5,T2,A
VPW-P-00104,With valve,CONV-BELT,5,6,3800,21,T2,A
VPW-P-00105,Some sensor,IND-OVEN,1,15,9500,45,T3,C
VPW-P-00106,Time sensor,AIR-COMP,30,5,210000,90,T2,A
VPW-P-00107,Economic belt,CONV-BELT,0,8,450,5,T3,C
VPW-P-00108,Compare bearing,AIR-COMP,30,12,78000,90,T2,A
VPW-P-00109,Investment coupling,IND-OVEN,20,11,210000,21,T3,C
VPW-P-00110,Mention valve,ROBOT-WELD,32,13,210000,90,T1,A
VPW-P-00111,Medical valve,CNC-MILL,5,4,450,10,T3,A
VPW-P-00112,Different bearing,CHILLER,25,12,3800,2,T3,B
VPW-P-00113,Treatment sensor,AIR-COMP,33,8,210000,5,T3,B
VPW-P-00114,Institution coupling,CONV-BELT,39,12,210000,45,T1,C
VPW-P-00115,Weight bearing,AIR-COMP,23,15,210000,90,T1,B
VPW-P-00116,Artist coupling,HYD-PRESS,27,13,1200,21,T3,B
VPW-P-00117,Community seal,ROBOT-WELD,24,4,78000,2,T1,A
VPW-P-00118,Hundred coupling,ROBOT-WELD,40,3,9500,45,T1,A
VPW-P-00119,Able seal,CONV-BELT,21,8,24000,21,T3,C
VPW-P-00120,In sensor,CHILLER,34,13,9500,90,T2,C
VPW-P-00121,Evidence valve,CHILLER,12,5,3800,45,T1,A
VPW-P-00122,With coupling,AIR-COMP,5,8,210000,45,T2,A
VPW-P-00123,Step belt,HYD-PRESS,11,13,9500,21,T2,A
VPW-P-00124,Still filter,CHILLER,16,9,9500,10,T2,C
VPW-P-00125,Look contactor,IND-OVEN,37,13,1200,45,T2,A
VPW-P-00126,Feeling seal,CHILLER,19,7,78000,10,T3,B
VPW-P-00127,Land bearing,CHILLER,32,9,78000,2,T1,B
VPW-P-00128,Same sensor,ROBOT-WELD,19,9,210000,90,T1,C
VPW-P-00129,Side filter,HYD-PRESS,35,14,78000,10,T3,B
VPW-P-00130,Step seal,IND-OVEN,4,7,9500,10,T2,A
VPW-P-00131,Only sensor,ROBOT-WELD,2,10,450,10,T3,A
VPW-P-00132,Recently contactor,HYD-PRESS,13,11,78000,21,T2,A
VPW-P-00133,Serious sensor,AIR-COMP,10,4,78000,5,T1,A
VPW-P-00134,Message contactor,HYD-PRESS,23,7,3800,5,T1,B
VPW-P-00135,Clear seal,CHILLER,19,6,1200,45,T2,B
VPW-P-00136,Customer filter,CONV-BELT,40,6,24000,10,T3,B
VPW-P-00137,Fine belt,CNC-MILL,26,14,78000,45,T1,B
VPW-P-00138,Director belt,HYD-PRESS,5,3,450,21,T3,C
VPW-P-00139,Article coupling,PUMP-CENT,33,15,78000,5,T3,C
VPW-P-00140,Particularly seal,HYD-PRESS,3,14,450,21,T1,C
VPW-P-00141,Simply valve,CNC-MILL,6,5,1200,90,T3,C
VPW-P-00142,Occur contactor,CHILLER,30,12,450,90,T1,C
VPW-P-00143,Ask sensor,CONV-BELT,21,6,24000,45,T2,A
VPW-P-00144,Small bearing,PUMP-CENT,21,11,210000,10,T3,B
VPW-P-00145,Former belt,IND-OVEN,7,7,24000,90,T2,A
VPW-P-00146,Art bearing,CNC-MILL,36,2,24000,2,T3,A
VPW-P-00147,Apply valve,IND-OVEN,15,10,210000,10,T2,A
VPW-P-00148,Pattern valve,HYD-PRESS,21,14,450,21,T1,A
VPW-P-00149,Me filter,PUMP-CENT,6,14,210000,90,T1,B
VPW-P-00150,Morning filter,CNC-MILL,5,15,9500,10,T3,C
VPW-P-00151,Wide bearing,CNC-MILL,30,7,78000,5,T2,A
VPW-P-00152,Tonight coupling,PUMP-CENT,13,5,24000,21,T3,C
VPW-P-00153,Nice belt,IND-OVEN,16,2,78000,45,T1,C
VPW-P-00154,Coach filter,PUMP-CENT,30,6,1200,21,T2,B
VPW-P-00155,Art coupling,CHILLER,20,3,210000,21,T1,C
VPW-P-00156,Movie sensor,IND-OVEN,22,7,9500,10,T1,B
VPW-P-00157,Be sensor,ROBOT-WELD,15,12,3800,45,T1,B
VPW-P-00158,Today coupling,AIR-COMP,5,15,210000,45,T2,A
VPW-P-00159,Cultural belt,HYD-PRESS,33,7,24000,5,T1,A
VPW-P-00160,Authority coupling,CHILLER,20,7,210000,90,T1,C
VPW-P-00161,Physical seal,HYD-PRESS,10,14,210000,10,T2,B
VPW-P-00162,Author seal,ROBOT-WELD,36,3,210000,45,T3,B
VPW-P-00163,Republican seal,IND-OVEN,28,2,9500,21,T2,A
VPW-P-00164,Training sensor,CNC-MILL,4,4,450,90,T1,C
VPW-P-00165,Easy filter,CNC-MILL,7,8,24000,10,T1,B
VPW-P-00166,International seal,CHILLER,10,12,450,5,T2,A
VPW-P-00167,Call contactor,PUMP-CENT,31,14,78000,5,T3,A
VPW-P-00168,Year contactor,CNC-MILL,10,12,24000,21,T2,C
VPW-P-00169,Voice filter,CHILLER,14,13,1200,10,T1,A
VPW-P-00170,Over valve,AIR-COMP,12,14,78000,2,T3,C
VPW-P-00171,Employee seal,CNC-MILL,12,6,450,90,T1,B
VPW-P-00172,Particular coupling,CNC-MILL,30,12,210000,10,T2,B
VPW-P-00173,Phone seal,AIR-COMP,4,3,210000,45,T2,A
VPW-P-00174,Among belt,ROBOT-WELD,2,2,3800,90,T2,A
VPW-P-00175,President bearing,HYD-PRESS,28,15,24000,5,T1,B
VPW-P-00176,Beat valve,CONV-BELT,5,9,78000,2,T1,B
VPW-P-00177,Kind valve,PUMP-CENT,27,14,24000,2,T3,A
VPW-P-00178,Really belt,AIR-COMP,1,15,78000,10,T3,B
VPW-P-00179,Past valve,CNC-MILL,10,9,9500,5,T1,B
VPW-P-00180,Other contactor,PUMP-CENT,27,2,78000,21,T1,C
VPW-P-00181,Necessary valve,AIR-COMP,31,8,9500,90,T3,C
VPW-P-00182,Four valve,HYD-PRESS,20,14,210000,45,T3,B
VPW-P-00183,Worry bearing,AIR-COMP,10,13,9500,90,T1,A
VPW-P-00184,Every bearing,CONV-BELT,38,12,3800,45,T1,A
VPW-P-00185,Democratic coupling,CHILLER,23,15,210000,90,T1,B
VPW-P-00186,Relationship bearing,CONV-BELT,7,2,78000,2,T1,C
VPW-P-00187,Sense valve,IND-OVEN,34,15,450,10,T2,A
VPW-P-00188,Former contactor,HYD-PRESS,39,5,450,90,T1,A
VPW-P-00189,Edge valve,CNC-MILL,13,6,3800,5,T1,C
VPW-P-00190,Evidence coupling,ROBOT-WELD,19,5,24000,10,T1,B
VPW-P-00191,Individual sensor,CONV-BELT,39,6,9500,90,T2,C
VPW-P-00192,Catch filter,CNC-MILL,22,8,78000,2,T2,A
VPW-P-00193,Remain belt,ROBOT-WELD,27,6,78000,10,T1,B
VPW-P-00194,Quite belt,AIR-COMP,32,2,78000,21,T3,B
VPW-P-00195,First belt,IND-OVEN,20,6,3800,2,T1,C
VPW-P-00196,Lot coupling,IND-OVEN,39,14,78000,45,T1,A
VPW-P-00197,Four sensor,HYD-PRESS,32,13,3800,5,T3,C
VPW-P-00198,Woman valve,IND-OVEN,6,2,450,5,T3,B
VPW-P-00199,Society valve,AIR-COMP,30,11,9500,45,T1,C
VPW-P-00200,Would coupling,IND-OVEN,13,11,1200,2,T1,C
VPW-P-00201,Baby valve,AIR-COMP,21,8,210000,5,T3,B
VPW-P-00202,Act valve,HYD-PRESS,14,15,9500,5,T1,B
VPW-P-00203,Low bearing,AIR-COMP,25,13,78000,45,T1,A
VPW-P-00204,Pretty bearing,CHILLER,32,14,78000,90,T1,B
VPW-P-00205,Order sensor,ROBOT-WELD,6,12,3800,2,T1,C
VPW-P-00206,Black coupling,CHILLER,13,10,3800,21,T3,C
VPW-P-00207,Back belt,IND-OVEN,13,7,24000,45,T2,A
VPW-P-00208,Note contactor,IND-OVEN,29,5,3800,2,T3,A
VPW-P-00209,Different belt,CHILLER,24,13,78000,5,T2,C
VPW-P-00210,Move sensor,CONV-BELT,33,11,450,21,T3,A
VPW-P-00211,Evidence filter,PUMP-CENT,28,8,24000,90,T3,B
VPW-P-00212,Cause contactor,ROBOT-WELD,36,9,210000,45,T3,B
VPW-P-00213,Worker belt,CNC-MILL,36,4,78000,2,T1,B
VPW-P-00214,Happy belt,HYD-PRESS,23,10,78000,45,T2,A
VPW-P-00215,Upon belt,IND-OVEN,27,4,1200,45,T3,A
VPW-P-00216,Authority sensor,HYD-PRESS,29,14,24000,90,T3,C
VPW-P-00217,Until sensor,IND-OVEN,35,4,24000,21,T2,A
VPW-P-00218,Election valve,CNC-MILL,12,11,9500,10,T3,B
VPW-P-00219,Hope filter,ROBOT-WELD,36,8,78000,45,T3,A
VPW-P-00220,Feel bearing,CONV-BELT,2,14,450,2,T2,A
VPW-P-00221,Coach bearing,AIR-COMP,6,5,9500,45,T2,A
VPW-P-00222,Left coupling,PUMP-CENT,4,9,210000,5,T1,B
VPW-P-00223,These filter,CNC-MILL,0,9,9500,2,T2,A
VPW-P-00224,Of sensor,ROBOT-WELD,23,13,1200,45,T1,A
VPW-P-00225,Score bearing,AIR-COMP,10,12,9500,21,T1,C
VPW-P-00226,Five valve,CHILLER,32,13,210000,21,T1,C
VPW-P-00227,Population bearing,AIR-COMP,19,5,3800,5,T3,A
VPW-P-00228,Surface seal,IND-OVEN,10,15,3800,90,T3,C
VPW-P-00229,Ready coupling,HYD-PRESS,22,12,210000,10,T3,C
VPW-P-00230,Newspaper seal,PUMP-CENT,29,13,210000,5,T3,C
VPW-P-00231,Across sensor,HYD-PRESS,12,5,450,21,T2,C
VPW-P-00232,Region sensor,AIR-COMP,34,12,9500,5,T2,B
VPW-P-00233,Technology filter,AIR-COMP,28,7,3800,2,T1,C
VPW-P-00234,Once sensor,HYD-PRESS,25,11,3800,2,T2,A
VPW-P-00235,Firm valve,IND-OVEN,23,7,9500,10,T3,B
VPW-P-00236,Work sensor,ROBOT-WELD,12,12,78000,21,T3,A
VPW-P-00237,Record filter,PUMP-CENT,32,10,210000,5,T1,B
VPW-P-00238,Body filter,AIR-COMP,5,5,78000,2,T1,A
VPW-P-00239,Wrong belt,PUMP-CENT,39,11,9500,90,T1,B
VPW-P-00240,Unit coupling,AIR-COMP,40,11,3800,45,T3,C
VPW-P-00241,Center bearing,HYD-PRESS,25,14,210000,5,T3,A
VPW-P-00242,Everything seal,CHILLER,17,4,210000,45,T2,B
VPW-P-00243,Business valve,CHILLER,10,10,3800,90,T3,C
VPW-P-00244,Voice filter,HYD-PRESS,27,8,1200,10,T2,C
VPW-P-00245,Both contactor,CNC-MILL,12,7,24000,45,T2,C
VPW-P-00246,Situation valve,AIR-COMP,32,8,210000,2,T1,A
VPW-P-00247,On sensor,CONV-BELT,34,10,3800,10,T1,A
VPW-P-00248,Clearly contactor,CHILLER,3,4,9500,90,T2,A
VPW-P-00249,Expert contactor,CNC-MILL,28,8,450,2,T3,C
VPW-P-00250,Father contactor,CONV-BELT,33,3,210000,5,T1,B
VPW-P-00251,Point coupling,HYD-PRESS,14,11,1200,2,T1,B
VPW-P-00252,Develop belt,PUMP-CENT,8,15,450,5,T3,C
VPW-P-00253,Series bearing,AIR-COMP,9,9,450,2,T3,A
VPW-P-00254,Gun coupling,ROBOT-WELD,13,15,210000,90,T2,B
VPW-P-00255,Democrat coupling,IND-OVEN,3,7,24000,2,T3,C
VPW-P-00256,Right filter,HYD-PRESS,33,15,450,2,T2,C
VPW-P-00257,Protect coupling,ROBOT-WELD,3,6,1200,10,T1,C
VPW-P-00258,Tonight valve,CNC-MILL,35,9,9500,45,T3,A
VPW-P-00259,Everything coupling,PUMP-CENT,23,5,78000,2,T2,B
VPW-P-00260,Mouth bearing,AIR-COMP,15,5,1200,2,T2,A
VPW-P-00261,Middle contactor,CNC-MILL,9,8,450,5,T3,C
VPW-P-00262,Enter filter,AIR-COMP,17,12,210000,90,T3,C
VPW-P-00263,Western valve,IND-OVEN,34,9,78000,2,T2,A
VPW-P-00264,Whatever bearing,AIR-COMP,28,15,24000,90,T2,A
VPW-P-00265,Throughout seal,ROBOT-WELD,3,12,450,21,T2,A
VPW-P-00266,Approach valve,CNC-MILL,39,11,78000,90,T2,A
VPW-P-00267,Best filter,PUMP-CENT,40,5,3800,5,T1,C
VPW-P-00268,Protect sensor,CHILLER,0,6,210000,10,T1,B
VPW-P-00269,Land valve,IND-OVEN,23,8,3800,5,T1,C
VPW-P-00270,Themselves contactor,CONV-BELT,9,8,9500,21,T2,B
VPW-P-00271,Factor contactor,ROBOT-WELD,8,2,1200,10,T2,A
VPW-P-00272,Another filter,ROBOT-WELD,30,13,78000,10,T3,B
VPW-P-00273,About filter,ROBOT-WELD,17,3,450,2,T3,B
VPW-P-00274,Goal seal,IND-OVEN,10,8,78000,90,T2,B
VPW-P-00275,Spend coupling,CONV-BELT,5,7,9500,10,T3,A
VPW-P-00276,Case contactor,ROBOT-WELD,5,13,1200,90,T2,B
VPW-P-00277,Public filter,ROBOT-WELD,18,10,24000,21,T1,A
VPW-P-00278,Everybody bearing,IND-OVEN,17,6,210000,21,T2,B
VPW-P-00279,Color valve,PUMP-CENT,40,11,9500,21,T3,C
