work_order_id,asset_tag,raised_on,type,priority,status,downtime_minutes,permit_required,technician_id
VPW-WO-00000,VPW-PUMP-CENT-03,2024-08-22,corrective,P1,open,0,False,VPW-T-013
VPW-WO-00001,VPW-ROBOT-WELD-03,2025-11-29,predictive,P3,closed,0,False,VPW-T-009
VPW-WO-00002,VPW-IND-OVEN-02,2025-02-16,preventive,P2,closed,0,True,VPW-T-038
VPW-WO-00003,VPW-HYD-PRESS-03,2025-02-27,predictive,P4,closed,240,False,VPW-T-005
VPW-WO-00004,VPW-CNC-MILL-01,2026-05-23,breakdown,P4,closed,0,False,VPW-T-037
VPW-WO-00005,VPW-AIR-COMP-02,2024-09-05,corrective,P3,deferred,30,False,VPW-T-026
VPW-WO-00006,VPW-IND-OVEN-02,2024-11-20,corrective,P4,closed,720,False,VPW-T-033
VPW-WO-00007,VPW-HYD-PRESS-02,2025-06-05,corrective,P3,open,720,False,VPW-T-003
VPW-WO-00008,VPW-ROBOT-WELD-03,2025-02-20,preventive,P3,closed,0,False,VPW-T-003
VPW-WO-00009,VPW-IND-OVEN-02,2026-06-28,preventive,P4,closed,240,True,VPW-T-028
VPW-WO-00010,VPW-ROBOT-WELD-03,2025-11-20,preventive,P4,closed,720,True,VPW-T-005
VPW-WO-00011,VPW-PUMP-CENT-01,2026-01-26,preventive,P4,in_progress,0,True,VPW-T-003
VPW-WO-00012,VPW-ROBOT-WELD-03,2024-08-20,corrective,P3,closed,240,False,VPW-T-008
VPW-WO-00013,VPW-AIR-COMP-02,2025-02-21,preventive,P3,closed,0,False,VPW-T-019
VPW-WO-00014,VPW-CNC-MILL-05,2025-02-01,breakdown,P2,closed,0,False,VPW-T-037
VPW-WO-00015,VPW-PUMP-CENT-02,2025-10-09,corrective,P1,open,0,False,VPW-T-009
VPW-WO-00016,VPW-ROBOT-WELD-01,2025-05-05,preventive,P2,closed,0,False,VPW-T-037
VPW-WO-00017,VPW-AIR-COMP-01,2024-11-10,preventive,P4,closed,0,False,VPW-T-002
VPW-WO-00018,VPW-PUMP-CENT-02,2024-08-31,predictive,P2,closed,0,False,VPW-T-038
VPW-WO-00019,VPW-PUMP-CENT-01,2026-06-26,preventive,P4,closed,0,True,VPW-T-019
VPW-WO-00020,VPW-CNC-MILL-02,2024-12-18,corrective,P3,open,90,False,VPW-T-029
VPW-WO-00021,VPW-IND-OVEN-01,2026-07-02,corrective,P1,in_progress,720,False,VPW-T-040
VPW-WO-00022,VPW-ROBOT-WELD-02,2024-11-15,preventive,P3,closed,0,False,VPW-T-037
VPW-WO-00023,VPW-CNC-MILL-01,2025-02-16,preventive,P2,deferred,720,True,VPW-T-036
VPW-WO-00024,VPW-IND-OVEN-03,2024-09-25,preventive,P2,deferred,0,True,VPW-T-011
VPW-WO-00025,VPW-PUMP-CENT-03,2024-10-19,preventive,P4,in_progress,0,False,VPW-T-036
VPW-WO-00026,VPW-CHILLER-02,2025-05-04,breakdown,P1,open,30,False,VPW-T-038
VPW-WO-00027,VPW-CNC-MILL-02,2024-09-05,breakdown,P4,closed,720,False,VPW-T-017
VPW-WO-00028,VPW-IND-OVEN-02,2025-09-02,corrective,P2,in_progress,0,True,VPW-T-001
VPW-WO-00029,VPW-IND-OVEN-03,2025-02-25,predictive,P2,closed,240,True,VPW-T-039
VPW-WO-00030,VPW-PUMP-CENT-01,2025-11-21,corrective,P2,closed,720,False,VPW-T-001
VPW-WO-00031,VPW-CNC-MILL-03,2025-02-14,corrective,P3,open,720,True,VPW-T-017
VPW-WO-00032,VPW-ROBOT-WELD-02,2025-08-31,preventive,P2,closed,90,False,VPW-T-018
VPW-WO-00033,VPW-IND-OVEN-03,2024-12-02,breakdown,P1,closed,90,False,VPW-T-021
VPW-WO-00034,VPW-IND-OVEN-04,2025-07-24,corrective,P3,closed,30,False,VPW-T-006
VPW-WO-00035,VPW-AIR-COMP-02,2024-09-19,breakdown,P3,closed,0,True,VPW-T-027
VPW-WO-00036,VPW-PUMP-CENT-02,2026-07-11,preventive,P2,closed,720,False,VPW-T-011
VPW-WO-00037,VPW-IND-OVEN-03,2026-06-15,breakdown,P4,open,90,False,VPW-T-006
VPW-WO-00038,VPW-CHILLER-04,2025-04-18,preventive,P3,in_progress,240,False,VPW-T-023
VPW-WO-00039,VPW-CHILLER-02,2024-12-11,preventive,P2,closed,90,False,VPW-T-020
VPW-WO-00040,VPW-CONV-BELT-02,2026-03-30,corrective,P1,closed,90,False,VPW-T-021
VPW-WO-00041,VPW-CNC-MILL-03,2025-10-12,preventive,P4,closed,30,False,VPW-T-014
VPW-WO-00042,VPW-CHILLER-03,2025-02-10,preventive,P3,closed,0,False,VPW-T-016
VPW-WO-00043,VPW-CONV-BELT-03,2025-03-11,predictive,P2,open,0,False,VPW-T-004
VPW-WO-00044,VPW-CNC-MILL-03,2025-04-13,preventive,P1,closed,0,False,VPW-T-007
VPW-WO-00045,VPW-ROBOT-WELD-02,2024-12-19,corrective,P1,closed,0,False,VPW-T-011
VPW-WO-00046,VPW-CHILLER-04,2025-11-16,breakdown,P4,closed,30,True,VPW-T-039
VPW-WO-00047,VPW-ROBOT-WELD-03,2025-02-22,corrective,P1,closed,0,False,VPW-T-039
VPW-WO-00048,VPW-AIR-COMP-02,2026-07-22,corrective,P4,closed,240,False,VPW-T-022
VPW-WO-00049,VPW-HYD-PRESS-01,2025-03-09,corrective,P1,closed,0,False,VPW-T-021
VPW-WO-00050,VPW-CHILLER-01,2025-02-19,preventive,P4,open,240,False,VPW-T-009
VPW-WO-00051,VPW-PUMP-CENT-02,2026-05-15,breakdown,P2,closed,720,False,VPW-T-020
VPW-WO-00052,VPW-CONV-BELT-01,2026-07-29,corrective,P4,closed,30,False,VPW-T-001
VPW-WO-00053,VPW-AIR-COMP-02,2025-12-15,predictive,P1,closed,240,True,VPW-T-004
VPW-WO-00054,VPW-HYD-PRESS-02,2024-08-24,corrective,P4,deferred,0,False,VPW-T-040
VPW-WO-00055,VPW-HYD-PRESS-03,2024-12-16,breakdown,P2,closed,240,False,VPW-T-037
VPW-WO-00056,VPW-HYD-PRESS-03,2024-08-17,corrective,P1,closed,30,False,VPW-T-006
VPW-WO-00057,VPW-CONV-BELT-02,2025-04-25,breakdown,P1,closed,30,False,VPW-T-007
VPW-WO-00058,VPW-CHILLER-03,2025-04-05,breakdown,P1,closed,90,True,VPW-T-014
VPW-WO-00059,VPW-PUMP-CENT-02,2025-07-05,preventive,P2,open,30,True,VPW-T-027
VPW-WO-00060,VPW-PUMP-CENT-03,2025-11-19,preventive,P1,closed,30,True,VPW-T-012
VPW-WO-00061,VPW-CNC-MILL-03,2025-12-18,breakdown,P3,closed,90,True,VPW-T-012
VPW-WO-00062,VPW-CONV-BELT-03,2025-08-07,corrective,P3,closed,0,False,VPW-T-025
VPW-WO-00063,VPW-ROBOT-WELD-02,2026-04-14,preventive,P1,deferred,30,False,VPW-T-031
VPW-WO-00064,VPW-PUMP-CENT-03,2025-09-30,corrective,P4,open,0,False,VPW-T-030
VPW-WO-00065,VPW-ROBOT-WELD-02,2026-03-05,breakdown,P2,open,0,True,VPW-T-022
VPW-WO-00066,VPW-CNC-MILL-02,2026-07-17,breakdown,P1,closed,0,True,VPW-T-040
VPW-WO-00067,VPW-ROBOT-WELD-02,2025-07-09,breakdown,P3,deferred,30,True,VPW-T-037
VPW-WO-00068,VPW-CNC-MILL-05,2024-08-27,predictive,P4,closed,30,False,VPW-T-016
VPW-WO-00069,VPW-AIR-COMP-02,2026-03-28,preventive,P3,closed,720,True,VPW-T-024
VPW-WO-00070,VPW-IND-OVEN-01,2025-10-28,preventive,P4,closed,90,False,VPW-T-037
VPW-WO-00071,VPW-PUMP-CENT-03,2025-03-28,corrective,P4,closed,0,False,VPW-T-014
VPW-WO-00072,VPW-HYD-PRESS-03,2026-05-22,corrective,P2,closed,30,False,VPW-T-034
VPW-WO-00073,VPW-ROBOT-WELD-04,2025-08-08,predictive,P3,closed,30,False,VPW-T-022
VPW-WO-00074,VPW-AIR-COMP-02,2025-12-01,breakdown,P1,open,720,False,VPW-T-027
VPW-WO-00075,VPW-CHILLER-04,2026-05-07,preventive,P4,deferred,90,True,VPW-T-037
VPW-WO-00076,VPW-CNC-MILL-04,2025-03-13,corrective,P4,closed,240,True,VPW-T-033
VPW-WO-00077,VPW-CHILLER-04,2025-12-13,corrective,P2,closed,240,False,VPW-T-032
VPW-WO-00078,VPW-CNC-MILL-03,2025-09-14,preventive,P1,closed,720,False,VPW-T-033
VPW-WO-00079,VPW-CNC-MILL-03,2026-04-26,breakdown,P3,closed,30,False,VPW-T-040
VPW-WO-00080,VPW-CONV-BELT-01,2025-07-17,corrective,P3,open,240,True,VPW-T-023
VPW-WO-00081,VPW-CNC-MILL-03,2025-07-10,corrective,P2,open,90,True,VPW-T-009
VPW-WO-00082,VPW-CNC-MILL-01,2025-12-27,breakdown,P3,in_progress,0,False,VPW-T-013
VPW-WO-00083,VPW-CNC-MILL-05,2025-01-17,breakdown,P1,in_progress,30,False,VPW-T-013
VPW-WO-00084,VPW-AIR-COMP-02,2026-02-07,preventive,P2,closed,0,True,VPW-T-033
VPW-WO-00085,VPW-IND-OVEN-02,2025-08-11,corrective,P4,closed,0,False,VPW-T-002
VPW-WO-00086,VPW-IND-OVEN-04,2026-01-19,preventive,P2,in_progress,720,True,VPW-T-007
VPW-WO-00087,VPW-HYD-PRESS-01,2026-06-06,breakdown,P1,closed,240,True,VPW-T-017
VPW-WO-00088,VPW-IND-OVEN-03,2024-11-04,preventive,P4,open,720,True,VPW-T-005
VPW-WO-00089,VPW-CNC-MILL-01,2025-11-26,breakdown,P3,closed,30,False,VPW-T-040
VPW-WO-00090,VPW-PUMP-CENT-03,2025-04-21,preventive,P1,closed,240,False,VPW-T-034
VPW-WO-00091,VPW-CNC-MILL-05,2024-12-11,preventive,P1,closed,0,False,VPW-T-030
VPW-WO-00092,VPW-ROBOT-WELD-04,2025-07-02,breakdown,P2,in_progress,0,False,VPW-T-005
VPW-WO-00093,VPW-CHILLER-01,2025-06-04,breakdown,P1,in_progress,90,False,VPW-T-028
VPW-WO-00094,VPW-HYD-PRESS-01,2025-09-24,breakdown,P1,deferred,30,False,VPW-T-036
VPW-WO-00095,VPW-AIR-COMP-01,2026-02-28,corrective,P2,closed,90,False,VPW-T-019
VPW-WO-00096,VPW-CNC-MILL-01,2025-10-19,corrective,P2,open,30,False,VPW-T-014
VPW-WO-00097,VPW-AIR-COMP-01,2026-05-17,corrective,P1,closed,720,False,VPW-T-038
VPW-WO-00098,VPW-PUMP-CENT-03,2026-03-18,preventive,P4,closed,720,False,VPW-T-005
VPW-WO-00099,VPW-ROBOT-WELD-03,2024-11-17,predictive,P1,closed,0,True,VPW-T-040
VPW-WO-00100,VPW-CONV-BELT-01,2026-06-27,preventive,P1,in_progress,720,True,VPW-T-021
VPW-WO-00101,VPW-PUMP-CENT-01,2026-04-30,corrective,P1,closed,720,False,VPW-T-019
VPW-WO-00102,VPW-CNC-MILL-02,2025-08-10,preventive,P2,closed,0,False,VPW-T-003
VPW-WO-00103,VPW-ROBOT-WELD-01,2025-11-24,preventive,P3,closed,0,False,VPW-T-004
VPW-WO-00104,VPW-CNC-MILL-03,2025-08-06,preventive,P3,closed,0,False,VPW-T-016
VPW-WO-00105,VPW-PUMP-CENT-01,2026-05-16,corrective,P4,closed,240,False,VPW-T-010
VPW-WO-00106,VPW-PUMP-CENT-01,2025-06-21,breakdown,P3,closed,30,True,VPW-T-002
VPW-WO-00107,VPW-IND-OVEN-03,2024-08-08,preventive,P4,open,30,True,VPW-T-030
VPW-WO-00108,VPW-IND-OVEN-01,2025-08-29,corrective,P2,closed,90,False,VPW-T-035
VPW-WO-00109,VPW-CNC-MILL-04,2025-08-09,preventive,P1,closed,0,True,VPW-T-003
VPW-WO-00110,VPW-ROBOT-WELD-03,2025-05-15,corrective,P2,deferred,0,False,VPW-T-009
VPW-WO-00111,VPW-CONV-BELT-02,2026-03-22,corrective,P3,closed,90,False,VPW-T-011
VPW-WO-00112,VPW-PUMP-CENT-03,2024-12-16,preventive,P4,in_progress,0,True,VPW-T-024
VPW-WO-00113,VPW-CNC-MILL-03,2024-11-22,preventive,P1,in_progress,30,True,VPW-T-017
VPW-WO-00114,VPW-IND-OVEN-04,2024-09-22,breakdown,P2,closed,30,True,VPW-T-005
VPW-WO-00115,VPW-PUMP-CENT-03,2024-09-30,corrective,P1,closed,0,False,VPW-T-008
VPW-WO-00116,VPW-PUMP-CENT-02,2025-06-15,breakdown,P4,in_progress,0,False,VPW-T-035
VPW-WO-00117,VPW-PUMP-CENT-01,2024-11-23,corrective,P2,closed,90,True,VPW-T-012
VPW-WO-00118,VPW-ROBOT-WELD-01,2025-09-23,preventive,P2,closed,720,False,VPW-T-038
VPW-WO-00119,VPW-HYD-PRESS-01,2024-12-19,preventive,P2,in_progress,0,True,VPW-T-026
VPW-WO-00120,VPW-CONV-BELT-02,2025-06-25,breakdown,P1,open,90,True,VPW-T-026
VPW-WO-00121,VPW-AIR-COMP-02,2024-12-16,preventive,P1,closed,240,False,VPW-T-032
VPW-WO-00122,VPW-HYD-PRESS-02,2025-03-03,corrective,P4,closed,30,False,VPW-T-034
VPW-WO-00123,VPW-AIR-COMP-01,2025-01-31,breakdown,P4,closed,0,False,VPW-T-033
VPW-WO-00124,VPW-ROBOT-WELD-04,2025-09-06,preventive,P4,closed,0,True,VPW-T-003
VPW-WO-00125,VPW-IND-OVEN-03,2025-07-03,preventive,P3,open,720,True,VPW-T-031
VPW-WO-00126,VPW-IND-OVEN-04,2024-10-01,preventive,P3,open,30,False,VPW-T-039
VPW-WO-00127,VPW-ROBOT-WELD-02,2024-09-04,preventive,P2,closed,720,True,VPW-T-040
VPW-WO-00128,VPW-IND-OVEN-04,2025-11-28,corrective,P4,deferred,720,False,VPW-T-038
VPW-WO-00129,VPW-HYD-PRESS-03,2026-02-06,preventive,P4,closed,0,False,VPW-T-033
VPW-WO-00130,VPW-HYD-PRESS-03,2024-09-30,preventive,P1,closed,30,False,VPW-T-033
VPW-WO-00131,VPW-ROBOT-WELD-02,2026-06-23,preventive,P4,open,720,False,VPW-T-011
VPW-WO-00132,VPW-IND-OVEN-01,2024-11-30,corrective,P4,closed,30,False,VPW-T-034
VPW-WO-00133,VPW-AIR-COMP-01,2025-10-16,corrective,P2,closed,240,True,VPW-T-007
VPW-WO-00134,VPW-PUMP-CENT-01,2025-08-23,breakdown,P2,closed,0,True,VPW-T-026
VPW-WO-00135,VPW-CNC-MILL-03,2025-01-06,corrective,P3,closed,720,False,VPW-T-034
VPW-WO-00136,VPW-CNC-MILL-05,2024-08-27,preventive,P1,closed,90,False,VPW-T-040
VPW-WO-00137,VPW-CONV-BELT-01,2026-06-06,preventive,P4,closed,0,True,VPW-T-025
VPW-WO-00138,VPW-IND-OVEN-03,2026-07-08,breakdown,P1,open,0,True,VPW-T-010
VPW-WO-00139,VPW-AIR-COMP-02,2025-02-09,corrective,P4,closed,90,False,VPW-T-021
VPW-WO-00140,VPW-CHILLER-02,2025-11-25,preventive,P3,open,0,True,VPW-T-032
VPW-WO-00141,VPW-HYD-PRESS-03,2026-05-31,corrective,P1,deferred,240,True,VPW-T-011
VPW-WO-00142,VPW-HYD-PRESS-03,2025-08-25,preventive,P4,closed,240,False,VPW-T-023
VPW-WO-00143,VPW-PUMP-CENT-01,2026-02-21,corrective,P4,closed,240,True,VPW-T-006
VPW-WO-00144,VPW-IND-OVEN-01,2024-09-20,preventive,P3,deferred,720,False,VPW-T-009
VPW-WO-00145,VPW-ROBOT-WELD-02,2026-07-09,preventive,P3,closed,0,False,VPW-T-037
VPW-WO-00146,VPW-PUMP-CENT-03,2025-12-18,corrective,P4,deferred,90,True,VPW-T-029
VPW-WO-00147,VPW-CHILLER-03,2026-07-03,corrective,P3,deferred,0,False,VPW-T-006
VPW-WO-00148,VPW-IND-OVEN-01,2026-05-29,corrective,P1,closed,0,True,VPW-T-022
VPW-WO-00149,VPW-AIR-COMP-02,2026-07-16,preventive,P4,closed,720,False,VPW-T-001
VPW-WO-00150,VPW-ROBOT-WELD-01,2026-04-15,breakdown,P1,closed,30,True,VPW-T-007
VPW-WO-00151,VPW-CNC-MILL-04,2025-11-10,breakdown,P2,closed,90,False,VPW-T-034
VPW-WO-00152,VPW-CONV-BELT-03,2026-05-26,preventive,P3,in_progress,90,False,VPW-T-007
VPW-WO-00153,VPW-CNC-MILL-02,2024-08-08,breakdown,P3,closed,720,True,VPW-T-003
VPW-WO-00154,VPW-IND-OVEN-03,2024-11-22,preventive,P4,closed,0,True,VPW-T-022
VPW-WO-00155,VPW-AIR-COMP-01,2024-12-01,corrective,P4,in_progress,90,True,VPW-T-036
VPW-WO-00156,VPW-CNC-MILL-01,2026-02-08,corrective,P1,closed,30,True,VPW-T-013
VPW-WO-00157,VPW-IND-OVEN-03,2025-08-11,breakdown,P1,closed,0,False,VPW-T-023
VPW-WO-00158,VPW-CHILLER-04,2026-02-07,preventive,P4,closed,720,False,VPW-T-031
VPW-WO-00159,VPW-CNC-MILL-05,2026-06-09,preventive,P4,in_progress,0,False,VPW-T-040
VPW-WO-00160,VPW-ROBOT-WELD-01,2026-01-31,breakdown,P4,open,240,True,VPW-T-035
VPW-WO-00161,VPW-CONV-BELT-02,2024-10-06,corrective,P3,deferred,240,False,VPW-T-033
VPW-WO-00162,VPW-IND-OVEN-02,2025-01-31,preventive,P4,open,240,True,VPW-T-007
VPW-WO-00163,VPW-CHILLER-03,2025-09-14,corrective,P3,open,90,False,VPW-T-040
VPW-WO-00164,VPW-CNC-MILL-05,2024-09-13,corrective,P1,closed,30,False,VPW-T-024
VPW-WO-00165,VPW-CNC-MILL-04,2025-04-07,preventive,P1,closed,30,False,VPW-T-008
VPW-WO-00166,VPW-CNC-MILL-03,2024-12-23,corrective,P2,in_progress,0,False,VPW-T-020
VPW-WO-00167,VPW-IND-OVEN-03,2026-06-27,corrective,P3,closed,0,False,VPW-T-027
VPW-WO-00168,VPW-HYD-PRESS-01,2026-03-13,predictive,P3,closed,30,True,VPW-T-035
VPW-WO-00169,VPW-AIR-COMP-01,2024-08-18,corrective,P3,closed,240,False,VPW-T-007
VPW-WO-00170,VPW-CHILLER-01,2025-09-28,preventive,P3,deferred,240,True,VPW-T-032
VPW-WO-00171,VPW-CONV-BELT-03,2025-11-26,preventive,P3,deferred,30,False,VPW-T-017
VPW-WO-00172,VPW-AIR-COMP-01,2024-09-01,breakdown,P1,closed,30,False,VPW-T-026
VPW-WO-00173,VPW-CNC-MILL-02,2026-03-07,breakdown,P3,deferred,0,False,VPW-T-015
VPW-WO-00174,VPW-IND-OVEN-02,2024-12-10,breakdown,P2,deferred,240,False,VPW-T-036
VPW-WO-00175,VPW-PUMP-CENT-03,2024-12-28,preventive,P1,deferred,240,True,VPW-T-034
VPW-WO-00176,VPW-CHILLER-01,2025-01-24,preventive,P4,closed,30,True,VPW-T-010
VPW-WO-00177,VPW-PUMP-CENT-02,2026-02-08,corrective,P2,closed,90,False,VPW-T-024
VPW-WO-00178,VPW-CNC-MILL-05,2024-08-27,breakdown,P3,closed,0,True,VPW-T-016
VPW-WO-00179,VPW-HYD-PRESS-03,2025-10-02,breakdown,P1,closed,720,True,VPW-T-034
VPW-WO-00180,VPW-CHILLER-03,2024-11-13,breakdown,P4,open,0,False,VPW-T-020
VPW-WO-00181,VPW-CHILLER-02,2025-03-18,preventive,P4,closed,0,False,VPW-T-021
VPW-WO-00182,VPW-CNC-MILL-05,2026-07-06,corrective,P3,closed,30,True,VPW-T-019
VPW-WO-00183,VPW-ROBOT-WELD-02,2025-08-16,preventive,P1,open,0,False,VPW-T-002
VPW-WO-00184,VPW-ROBOT-WELD-01,2025-02-15,preventive,P2,closed,0,False,VPW-T-025
VPW-WO-00185,VPW-CHILLER-03,2026-02-23,predictive,P4,closed,30,False,VPW-T-035
VPW-WO-00186,VPW-ROBOT-WELD-04,2026-06-27,preventive,P2,in_progress,30,False,VPW-T-018
VPW-WO-00187,VPW-HYD-PRESS-03,2025-07-27,predictive,P3,closed,240,False,VPW-T-034
VPW-WO-00188,VPW-ROBOT-WELD-04,2025-03-30,breakdown,P2,closed,30,False,VPW-T-033
VPW-WO-00189,VPW-AIR-COMP-01,2024-11-05,predictive,P4,deferred,0,True,VPW-T-023
VPW-WO-00190,VPW-PUMP-CENT-02,2025-06-09,corrective,P2,closed,30,False,VPW-T-022
VPW-WO-00191,VPW-PUMP-CENT-03,2025-10-04,breakdown,P4,deferred,90,False,VPW-T-024
VPW-WO-00192,VPW-IND-OVEN-02,2026-03-19,breakdown,P2,closed,90,False,VPW-T-013
VPW-WO-00193,VPW-ROBOT-WELD-03,2026-01-02,preventive,P2,open,90,True,VPW-T-018
VPW-WO-00194,VPW-HYD-PRESS-01,2025-10-15,breakdown,P2,closed,240,False,VPW-T-005
VPW-WO-00195,VPW-CHILLER-02,2026-04-07,preventive,P4,closed,0,False,VPW-T-011
VPW-WO-00196,VPW-IND-OVEN-04,2025-06-20,corrective,P2,in_progress,720,True,VPW-T-035
VPW-WO-00197,VPW-IND-OVEN-04,2025-08-05,preventive,P2,closed,0,True,VPW-T-019
VPW-WO-00198,VPW-IND-OVEN-04,2025-03-30,corrective,P2,deferred,0,False,VPW-T-031
VPW-WO-00199,VPW-PUMP-CENT-01,2024-12-31,preventive,P4,closed,30,False,VPW-T-016
VPW-WO-00200,VPW-CHILLER-04,2025-08-31,preventive,P1,deferred,240,False,VPW-T-040
VPW-WO-00201,VPW-HYD-PRESS-01,2025-06-07,breakdown,P4,deferred,30,False,VPW-T-013
VPW-WO-00202,VPW-IND-OVEN-04,2026-06-24,corrective,P1,closed,0,True,VPW-T-036
VPW-WO-00203,VPW-CONV-BELT-01,2026-03-09,preventive,P1,closed,30,True,VPW-T-023
VPW-WO-00204,VPW-PUMP-CENT-03,2025-01-17,corrective,P2,closed,240,True,VPW-T-013
VPW-WO-00205,VPW-PUMP-CENT-01,2025-05-20,corrective,P4,open,90,False,VPW-T-018
VPW-WO-00206,VPW-ROBOT-WELD-02,2024-11-25,preventive,P2,open,240,False,VPW-T-040
VPW-WO-00207,VPW-CONV-BELT-02,2024-08-09,preventive,P4,closed,0,False,VPW-T-011
VPW-WO-00208,VPW-IND-OVEN-01,2026-03-17,corrective,P2,deferred,720,False,VPW-T-026
VPW-WO-00209,VPW-IND-OVEN-02,2024-11-15,corrective,P3,closed,240,True,VPW-T-009
VPW-WO-00210,VPW-ROBOT-WELD-01,2024-12-18,preventive,P4,in_progress,30,False,VPW-T-024
VPW-WO-00211,VPW-HYD-PRESS-02,2025-10-10,corrective,P4,closed,720,False,VPW-T-032
VPW-WO-00212,VPW-ROBOT-WELD-04,2025-05-23,preventive,P4,closed,30,False,VPW-T-031
VPW-WO-00213,VPW-ROBOT-WELD-03,2024-11-28,corrective,P2,closed,720,False,VPW-T-027
VPW-WO-00214,VPW-ROBOT-WELD-03,2026-02-07,corrective,P1,closed,0,False,VPW-T-037
VPW-WO-00215,VPW-CHILLER-01,2025-07-07,breakdown,P2,closed,0,False,VPW-T-024
VPW-WO-00216,VPW-CNC-MILL-01,2026-05-05,corrective,P1,closed,0,False,VPW-T-019
VPW-WO-00217,VPW-ROBOT-WELD-04,2024-08-05,corrective,P3,closed,720,False,VPW-T-015
VPW-WO-00218,VPW-CNC-MILL-03,2026-06-02,preventive,P4,closed,30,True,VPW-T-016
VPW-WO-00219,VPW-IND-OVEN-04,2026-02-22,corrective,P2,open,0,True,VPW-T-010
VPW-WO-00220,VPW-CHILLER-02,2025-02-18,preventive,P1,closed,90,False,VPW-T-033
VPW-WO-00221,VPW-PUMP-CENT-01,2024-10-05,corrective,P3,closed,90,False,VPW-T-014
VPW-WO-00222,VPW-ROBOT-WELD-02,2026-05-05,preventive,P1,open,240,False,VPW-T-033
VPW-WO-00223,VPW-CONV-BELT-02,2026-07-29,breakdown,P2,open,720,False,VPW-T-033
VPW-WO-00224,VPW-CNC-MILL-02,2026-01-14,corrective,P4,deferred,720,True,VPW-T-027
VPW-WO-00225,VPW-CNC-MILL-04,2025-01-07,corrective,P2,in_progress,0,False,VPW-T-004
VPW-WO-00226,VPW-IND-OVEN-01,2025-09-09,corrective,P1,closed,720,False,VPW-T-009
VPW-WO-00227,VPW-PUMP-CENT-01,2025-03-28,preventive,P4,open,30,False,VPW-T-036
VPW-WO-00228,VPW-IND-OVEN-02,2026-04-24,preventive,P4,closed,90,False,VPW-T-008
VPW-WO-00229,VPW-ROBOT-WELD-04,2025-06-22,corrective,P4,closed,720,False,VPW-T-036
VPW-WO-00230,VPW-HYD-PRESS-01,2025-01-30,breakdown,P2,closed,30,False,VPW-T-005
VPW-WO-00231,VPW-CHILLER-01,2026-01-02,preventive,P2,deferred,240,False,VPW-T-038
VPW-WO-00232,VPW-CNC-MILL-04,2025-04-07,preventive,P1,deferred,0,False,VPW-T-025
VPW-WO-00233,VPW-CONV-BELT-03,2026-06-24,preventive,P2,closed,30,False,VPW-T-015
VPW-WO-00234,VPW-ROBOT-WELD-04,2026-03-07,predictive,P1,in_progress,0,False,VPW-T-018
VPW-WO-00235,VPW-CNC-MILL-01,2025-04-21,breakdown,P3,closed,240,True,VPW-T-034
VPW-WO-00236,VPW-ROBOT-WELD-03,2026-05-07,corrective,P2,closed,0,True,VPW-T-014
VPW-WO-00237,VPW-CNC-MILL-03,2025-03-22,predictive,P2,closed,720,False,VPW-T-016
VPW-WO-00238,VPW-CHILLER-03,2026-06-05,preventive,P1,closed,30,False,VPW-T-040
VPW-WO-00239,VPW-CHILLER-04,2025-09-10,breakdown,P1,closed,90,False,VPW-T-022
VPW-WO-00240,VPW-PUMP-CENT-02,2025-11-03,preventive,P3,closed,720,False,VPW-T-022
VPW-WO-00241,VPW-ROBOT-WELD-01,2026-05-15,breakdown,P3,open,240,False,VPW-T-011
VPW-WO-00242,VPW-HYD-PRESS-03,2026-01-23,preventive,P3,closed,90,True,VPW-T-012
VPW-WO-00243,VPW-IND-OVEN-03,2026-01-06,preventive,P3,closed,0,False,VPW-T-015
VPW-WO-00244,VPW-AIR-COMP-01,2026-01-01,preventive,P4,closed,90,False,VPW-T-024
VPW-WO-00245,VPW-CNC-MILL-02,2026-06-16,preventive,P4,closed,90,False,VPW-T-016
VPW-WO-00246,VPW-CONV-BELT-03,2025-07-25,preventive,P1,open,0,True,VPW-T-032
VPW-WO-00247,VPW-CHILLER-01,2026-03-19,preventive,P4,open,720,False,VPW-T-011
VPW-WO-00248,VPW-ROBOT-WELD-04,2024-09-11,breakdown,P2,closed,90,False,VPW-T-029
VPW-WO-00249,VPW-CHILLER-03,2026-02-24,preventive,P3,closed,30,True,VPW-T-033
VPW-WO-00250,VPW-IND-OVEN-03,2026-06-16,breakdown,P2,closed,90,False,VPW-T-032
VPW-WO-00251,VPW-IND-OVEN-03,2025-05-17,breakdown,P2,closed,0,False,VPW-T-029
VPW-WO-00252,VPW-CNC-MILL-04,2026-04-30,corrective,P3,closed,0,True,VPW-T-009
VPW-WO-00253,VPW-PUMP-CENT-03,2026-02-18,breakdown,P4,open,240,False,VPW-T-016
VPW-WO-00254,VPW-CHILLER-04,2025-11-29,corrective,P2,closed,0,False,VPW-T-035
VPW-WO-00255,VPW-CHILLER-04,2024-09-08,corrective,P4,closed,90,False,VPW-T-001
VPW-WO-00256,VPW-CNC-MILL-02,2026-05-14,breakdown,P1,closed,30,False,VPW-T-037
VPW-WO-00257,VPW-CHILLER-04,2026-01-20,predictive,P3,closed,0,True,VPW-T-020
VPW-WO-00258,VPW-CHILLER-01,2025-06-29,preventive,P4,closed,90,False,VPW-T-008
VPW-WO-00259,VPW-CHILLER-03,2024-08-19,preventive,P4,open,90,True,VPW-T-038
VPW-WO-00260,VPW-ROBOT-WELD-03,2024-11-18,corrective,P2,in_progress,720,False,VPW-T-004
VPW-WO-00261,VPW-CNC-MILL-02,2026-06-11,corrective,P1,open,240,False,VPW-T-030
VPW-WO-00262,VPW-HYD-PRESS-03,2024-11-22,predictive,P2,closed,0,False,VPW-T-002
VPW-WO-00263,VPW-IND-OVEN-03,2026-07-01,preventive,P1,closed,720,True,VPW-T-023
VPW-WO-00264,VPW-IND-OVEN-01,2025-11-25,corrective,P3,closed,720,True,VPW-T-029
VPW-WO-00265,VPW-CNC-MILL-05,2025-01-17,preventive,P4,deferred,30,False,VPW-T-015
VPW-WO-00266,VPW-IND-OVEN-04,2025-11-25,predictive,P2,open,0,False,VPW-T-023
VPW-WO-00267,VPW-IND-OVEN-04,2025-04-01,corrective,P1,closed,30,True,VPW-T-036
VPW-WO-00268,VPW-CHILLER-01,2024-08-05,corrective,P1,closed,30,False,VPW-T-012
VPW-WO-00269,VPW-IND-OVEN-02,2024-10-29,corrective,P2,in_progress,720,False,VPW-T-034
VPW-WO-00270,VPW-HYD-PRESS-01,2024-10-31,preventive,P2,closed,720,True,VPW-T-012
VPW-WO-00271,VPW-IND-OVEN-02,2026-04-09,preventive,P2,closed,0,False,VPW-T-003
VPW-WO-00272,VPW-CHILLER-02,2025-05-28,corrective,P1,closed,240,False,VPW-T-013
VPW-WO-00273,VPW-CHILLER-04,2026-07-16,predictive,P4,closed,0,True,VPW-T-022
VPW-WO-00274,VPW-CHILLER-01,2025-02-24,corrective,P3,closed,720,False,VPW-T-017
VPW-WO-00275,VPW-ROBOT-WELD-03,2025-07-05,corrective,P2,closed,720,False,VPW-T-039
VPW-WO-00276,VPW-PUMP-CENT-03,2025-12-20,preventive,P2,closed,30,True,VPW-T-016
VPW-WO-00277,VPW-PUMP-CENT-02,2026-05-18,predictive,P4,closed,0,False,VPW-T-025
VPW-WO-00278,VPW-CHILLER-01,2026-03-16,preventive,P2,closed,90,False,VPW-T-002
VPW-WO-00279,VPW-CHILLER-04,2025-02-08,preventive,P3,closed,0,False,VPW-T-020
VPW-WO-00280,VPW-IND-OVEN-01,2025-02-17,predictive,P4,closed,90,False,VPW-T-037
VPW-WO-00281,VPW-CNC-MILL-05,2025-12-28,preventive,P3,closed,240,False,VPW-T-038
VPW-WO-00282,VPW-CHILLER-04,2026-05-26,breakdown,P2,open,720,False,VPW-T-039
VPW-WO-00283,VPW-ROBOT-WELD-03,2024-11-22,corrective,P2,deferred,240,False,VPW-T-002
VPW-WO-00284,VPW-HYD-PRESS-01,2025-12-21,preventive,P4,closed,30,False,VPW-T-037
VPW-WO-00285,VPW-PUMP-CENT-01,2024-10-25,preventive,P1,open,240,True,VPW-T-035
VPW-WO-00286,VPW-PUMP-CENT-03,2025-05-16,preventive,P3,deferred,90,False,VPW-T-033
VPW-WO-00287,VPW-ROBOT-WELD-04,2025-07-05,breakdown,P2,closed,240,True,VPW-T-022
VPW-WO-00288,VPW-CHILLER-03,2025-09-15,corrective,P4,closed,0,True,VPW-T-032
VPW-WO-00289,VPW-HYD-PRESS-01,2025-03-08,preventive,P1,closed,30,False,VPW-T-039
VPW-WO-00290,VPW-CHILLER-02,2026-01-12,preventive,P2,open,240,False,VPW-T-011
VPW-WO-00291,VPW-CHILLER-03,2025-01-22,corrective,P2,closed,240,False,VPW-T-028
VPW-WO-00292,VPW-CONV-BELT-03,2025-11-09,corrective,P3,deferred,0,False,VPW-T-027
VPW-WO-00293,VPW-PUMP-CENT-01,2025-12-07,preventive,P2,closed,0,False,VPW-T-006
VPW-WO-00294,VPW-CONV-BELT-02,2024-12-31,corrective,P2,closed,90,True,VPW-T-003
VPW-WO-00295,VPW-AIR-COMP-01,2026-03-20,preventive,P1,closed,30,False,VPW-T-015
VPW-WO-00296,VPW-PUMP-CENT-03,2026-01-08,corrective,P1,closed,240,True,VPW-T-028
VPW-WO-00297,VPW-AIR-COMP-02,2025-01-26,breakdown,P1,closed,240,False,VPW-T-013
VPW-WO-00298,VPW-HYD-PRESS-02,2024-11-30,preventive,P3,open,0,False,VPW-T-011
VPW-WO-00299,VPW-ROBOT-WELD-03,2026-05-23,breakdown,P3,closed,90,False,VPW-T-032
VPW-WO-00300,VPW-PUMP-CENT-03,2024-11-15,corrective,P4,closed,0,True,VPW-T-020
VPW-WO-00301,VPW-ROBOT-WELD-02,2026-04-17,breakdown,P4,closed,240,False,VPW-T-016
VPW-WO-00302,VPW-IND-OVEN-03,2026-03-03,corrective,P4,closed,90,True,VPW-T-012
VPW-WO-00303,VPW-CONV-BELT-02,2026-05-07,breakdown,P2,closed,720,True,VPW-T-034
VPW-WO-00304,VPW-CNC-MILL-03,2026-06-19,preventive,P4,in_progress,30,False,VPW-T-019
VPW-WO-00305,VPW-ROBOT-WELD-03,2025-09-20,preventive,P2,in_progress,0,False,VPW-T-020
VPW-WO-00306,VPW-CNC-MILL-05,2025-07-17,corrective,P1,deferred,0,False,VPW-T-039
VPW-WO-00307,VPW-PUMP-CENT-01,2024-12-14,corrective,P1,open,90,False,VPW-T-006
VPW-WO-00308,VPW-HYD-PRESS-01,2024-08-26,preventive,P1,closed,240,False,VPW-T-035
VPW-WO-00309,VPW-CNC-MILL-05,2025-01-10,corrective,P4,deferred,240,True,VPW-T-025
VPW-WO-00310,VPW-CHILLER-01,2024-08-17,preventive,P2,closed,90,False,VPW-T-021
VPW-WO-00311,VPW-CONV-BELT-02,2025-05-28,preventive,P4,open,240,False,VPW-T-001
VPW-WO-00312,VPW-PUMP-CENT-03,2024-11-13,predictive,P1,open,90,True,VPW-T-038
VPW-WO-00313,VPW-IND-OVEN-03,2024-12-24,preventive,P3,closed,30,True,VPW-T-021
VPW-WO-00314,VPW-AIR-COMP-01,2024-12-07,preventive,P4,closed,30,False,VPW-T-032
VPW-WO-00315,VPW-CNC-MILL-03,2025-10-29,preventive,P3,open,90,False,VPW-T-010
VPW-WO-00316,VPW-CNC-MILL-05,2025-09-18,breakdown,P1,closed,240,True,VPW-T-022
VPW-WO-00317,VPW-PUMP-CENT-02,2026-04-14,breakdown,P2,closed,30,True,VPW-T-033
VPW-WO-00318,VPW-CHILLER-03,2025-02-21,corrective,P1,closed,0,False,VPW-T-022
VPW-WO-00319,VPW-ROBOT-WELD-03,2025-04-14,preventive,P1,in_progress,0,False,VPW-T-038
VPW-WO-00320,VPW-CHILLER-02,2025-05-05,corrective,P4,deferred,720,False,VPW-T-014
VPW-WO-00321,VPW-ROBOT-WELD-03,2026-03-13,corrective,P4,closed,90,False,VPW-T-022
VPW-WO-00322,VPW-ROBOT-WELD-04,2025-01-17,breakdown,P4,closed,0,False,VPW-T-028
VPW-WO-00323,VPW-ROBOT-WELD-03,2025-12-04,corrective,P4,deferred,30,False,VPW-T-008
VPW-WO-00324,VPW-CHILLER-04,2025-11-07,corrective,P3,closed,0,False,VPW-T-019
VPW-WO-00325,VPW-IND-OVEN-01,2026-04-05,breakdown,P2,in_progress,720,False,VPW-T-011
VPW-WO-00326,VPW-ROBOT-WELD-01,2025-03-27,preventive,P2,closed,0,False,VPW-T-011
VPW-WO-00327,VPW-AIR-COMP-02,2024-11-07,breakdown,P2,closed,0,False,VPW-T-005
VPW-WO-00328,VPW-CNC-MILL-03,2024-09-13,corrective,P4,closed,720,False,VPW-T-032
VPW-WO-00329,VPW-IND-OVEN-02,2025-02-28,preventive,P2,in_progress,90,False,VPW-T-033
VPW-WO-00330,VPW-HYD-PRESS-01,2024-11-05,breakdown,P3,closed,90,False,VPW-T-012
VPW-WO-00331,VPW-ROBOT-WELD-04,2024-12-13,preventive,P1,closed,720,False,VPW-T-040
VPW-WO-00332,VPW-CHILLER-04,2025-04-22,breakdown,P2,open,90,False,VPW-T-030
VPW-WO-00333,VPW-CONV-BELT-02,2025-06-03,predictive,P3,in_progress,0,True,VPW-T-025
VPW-WO-00334,VPW-HYD-PRESS-02,2025-08-28,preventive,P4,open,90,False,VPW-T-015
VPW-WO-00335,VPW-CHILLER-01,2025-09-03,preventive,P2,deferred,30,False,VPW-T-010
VPW-WO-00336,VPW-CHILLER-01,2025-03-25,preventive,P4,open,0,False,VPW-T-015
VPW-WO-00337,VPW-ROBOT-WELD-01,2026-02-27,corrective,P3,in_progress,30,True,VPW-T-005
VPW-WO-00338,VPW-AIR-COMP-02,2025-11-18,preventive,P3,closed,0,False,VPW-T-019
VPW-WO-00339,VPW-PUMP-CENT-02,2026-06-19,corrective,P3,closed,240,False,VPW-T-037
VPW-WO-00340,VPW-HYD-PRESS-01,2024-12-19,corrective,P1,in_progress,90,True,VPW-T-017
VPW-WO-00341,VPW-CNC-MILL-05,2026-04-14,corrective,P1,closed,720,False,VPW-T-028
VPW-WO-00342,VPW-ROBOT-WELD-04,2025-02-05,preventive,P4,closed,0,False,VPW-T-026
VPW-WO-00343,VPW-CONV-BELT-03,2026-03-28,corrective,P2,in_progress,0,True,VPW-T-033
VPW-WO-00344,VPW-AIR-COMP-01,2025-07-06,breakdown,P2,deferred,90,False,VPW-T-021
VPW-WO-00345,VPW-CHILLER-04,2025-11-06,preventive,P4,closed,0,True,VPW-T-036
VPW-WO-00346,VPW-ROBOT-WELD-01,2026-06-17,preventive,P2,open,720,False,VPW-T-015
VPW-WO-00347,VPW-ROBOT-WELD-02,2026-01-12,preventive,P1,deferred,90,True,VPW-T-002
VPW-WO-00348,VPW-CNC-MILL-05,2025-02-24,corrective,P3,closed,720,False,VPW-T-017
VPW-WO-00349,VPW-CNC-MILL-04,2024-12-11,preventive,P4,in_progress,720,False,VPW-T-003
VPW-WO-00350,VPW-AIR-COMP-01,2024-11-14,preventive,P2,closed,0,True,VPW-T-019
VPW-WO-00351,VPW-AIR-COMP-02,2025-08-11,preventive,P3,closed,240,False,VPW-T-038
VPW-WO-00352,VPW-CNC-MILL-04,2025-08-24,corrective,P2,closed,30,False,VPW-T-016
VPW-WO-00353,VPW-IND-OVEN-02,2026-06-12,breakdown,P4,closed,90,False,VPW-T-014
VPW-WO-00354,VPW-CNC-MILL-01,2025-11-15,corrective,P2,closed,90,True,VPW-T-018
VPW-WO-00355,VPW-CNC-MILL-02,2026-07-20,preventive,P2,closed,90,True,VPW-T-011
VPW-WO-00356,VPW-CONV-BELT-03,2025-10-25,corrective,P1,closed,0,False,VPW-T-037
VPW-WO-00357,VPW-AIR-COMP-01,2025-04-01,corrective,P2,deferred,720,False,VPW-T-005
VPW-WO-00358,VPW-IND-OVEN-01,2024-08-31,corrective,P4,closed,0,True,VPW-T-012
VPW-WO-00359,VPW-ROBOT-WELD-03,2025-07-11,preventive,P4,closed,720,False,VPW-T-026
VPW-WO-00360,VPW-CONV-BELT-03,2025-03-05,predictive,P4,closed,240,True,VPW-T-011
VPW-WO-00361,VPW-IND-OVEN-01,2025-06-19,preventive,P1,closed,0,False,VPW-T-028
VPW-WO-00362,VPW-HYD-PRESS-01,2025-12-26,corrective,P2,closed,0,False,VPW-T-009
VPW-WO-00363,VPW-ROBOT-WELD-04,2024-10-09,corrective,P3,closed,720,True,VPW-T-039
VPW-WO-00364,VPW-ROBOT-WELD-01,2025-04-18,breakdown,P1,closed,0,False,VPW-T-001
VPW-WO-00365,VPW-PUMP-CENT-02,2025-03-02,preventive,P3,closed,90,False,VPW-T-026
VPW-WO-00366,VPW-CNC-MILL-03,2024-12-29,corrective,P3,closed,90,False,VPW-T-035
VPW-WO-00367,VPW-CNC-MILL-01,2026-02-05,preventive,P3,closed,90,False,VPW-T-022
VPW-WO-00368,VPW-ROBOT-WELD-03,2026-05-08,breakdown,P4,closed,720,False,VPW-T-013
VPW-WO-00369,VPW-HYD-PRESS-02,2026-04-21,preventive,P1,in_progress,720,False,VPW-T-004
VPW-WO-00370,VPW-HYD-PRESS-02,2025-03-23,preventive,P1,closed,720,False,VPW-T-024
VPW-WO-00371,VPW-CNC-MILL-04,2024-09-07,predictive,P4,closed,0,False,VPW-T-026
VPW-WO-00372,VPW-IND-OVEN-02,2025-05-01,preventive,P3,closed,30,False,VPW-T-040
VPW-WO-00373,VPW-PUMP-CENT-01,2024-11-08,predictive,P3,closed,30,False,VPW-T-036
VPW-WO-00374,VPW-CONV-BELT-02,2025-03-19,breakdown,P1,open,240,True,VPW-T-021
VPW-WO-00375,VPW-ROBOT-WELD-03,2024-12-28,preventive,P1,closed,240,False,VPW-T-017
VPW-WO-00376,VPW-ROBOT-WELD-04,2024-12-28,preventive,P3,closed,30,False,VPW-T-012
VPW-WO-00377,VPW-IND-OVEN-01,2025-11-21,corrective,P2,closed,0,False,VPW-T-010
VPW-WO-00378,VPW-HYD-PRESS-02,2026-03-02,predictive,P3,closed,720,False,VPW-T-026
VPW-WO-00379,VPW-HYD-PRESS-03,2025-04-10,corrective,P1,open,720,False,VPW-T-011
VPW-WO-00380,VPW-ROBOT-WELD-04,2025-01-23,breakdown,P3,closed,0,False,VPW-T-007
VPW-WO-00381,VPW-PUMP-CENT-03,2026-01-10,preventive,P4,closed,720,False,VPW-T-037
VPW-WO-00382,VPW-CHILLER-02,2026-02-09,corrective,P3,closed,0,False,VPW-T-021
VPW-WO-00383,VPW-CNC-MILL-03,2026-01-28,preventive,P3,closed,0,False,VPW-T-009
VPW-WO-00384,VPW-CNC-MILL-05,2025-07-23,corrective,P3,closed,240,False,VPW-T-040
VPW-WO-00385,VPW-CONV-BELT-03,2026-06-15,breakdown,P3,closed,30,False,VPW-T-038
VPW-WO-00386,VPW-ROBOT-WELD-01,2026-03-26,corrective,P3,open,720,False,VPW-T-014
VPW-WO-00387,VPW-CNC-MILL-01,2025-03-11,preventive,P1,in_progress,720,False,VPW-T-023
VPW-WO-00388,VPW-ROBOT-WELD-01,2025-08-22,corrective,P1,open,720,True,VPW-T-005
VPW-WO-00389,VPW-CNC-MILL-04,2026-05-20,breakdown,P3,closed,90,False,VPW-T-031
VPW-WO-00390,VPW-CONV-BELT-03,2024-08-02,breakdown,P4,closed,0,False,VPW-T-035
VPW-WO-00391,VPW-HYD-PRESS-01,2025-08-17,corrective,P2,open,720,False,VPW-T-017
VPW-WO-00392,VPW-PUMP-CENT-02,2025-07-18,preventive,P4,open,0,True,VPW-T-023
VPW-WO-00393,VPW-PUMP-CENT-02,2025-05-15,corrective,P3,closed,240,True,VPW-T-019
VPW-WO-00394,VPW-CNC-MILL-02,2024-09-05,corrective,P1,closed,30,True,VPW-T-031
VPW-WO-00395,VPW-ROBOT-WELD-04,2025-09-08,corrective,P3,deferred,30,False,VPW-T-021
VPW-WO-00396,VPW-CHILLER-04,2024-09-04,preventive,P1,closed,90,False,VPW-T-007
VPW-WO-00397,VPW-CNC-MILL-01,2026-01-30,corrective,P2,open,240,False,VPW-T-037
VPW-WO-00398,VPW-ROBOT-WELD-03,2025-11-24,predictive,P1,closed,30,False,VPW-T-029
VPW-WO-00399,VPW-CONV-BELT-01,2025-06-28,preventive,P4,closed,30,True,VPW-T-034
